{
  "1455410976": [
    {
      "orderId": 3189936,
      "serviceName": "TikTok Video Views FP 2 | R365 Days | Max 1M",
      "price": "Rp 274",
      "date": "25/1/2026, 00.35.11"
    },
    {
      "orderId": 3189934,
      "serviceName": "TikTok Likes FP 6 | 500K | INSTANT | 0-5 Min | 50K/Day ð—™ð—”ð—¦ð—§",
      "price": "Rp 1.798",
      "date": "25/1/2026, 00.31.13"
    }
  ],
  "7967268812": [
    {
      "orderId": 3248487,
      "serviceName": "Tiktok View FP 1 [ MURAH ]",
      "target": "https://vt.tiktok.com/ZSagx5q1e/",
      "quantity": 1000,
      "price": "Rp 245",
      "date": "2/2/2026, 09.12.24",
      "status": "success"
    },
    {
      "orderId": 3191405,
      "serviceName": "TikTok Video Views FP 5 [ Max 50M ] | Instant | Day 20M",
      "price": "Rp 390",
      "date": "25/1/2026, 05.39.50"
    },
    {
      "orderId": 3191356,
      "serviceName": "TikTok Video Views FP 2 | R365 Days | Max 1M",
      "price": "Rp 280",
      "date": "25/1/2026, 05.34.30"
    },
    {
      "orderId": 3191351,
      "serviceName": "TikTok Video Views FP 2 | R365 Days | Max 1M",
      "price": "Rp 280",
      "date": "25/1/2026, 05.33.51"
    },
    {
      "orderId": 3176981,
      "serviceName": "Tiktok View FP 1 [ MURAH ]",
      "price": "Rp 245",
      "date": "23/1/2026, 04.39.28"
    },
    {
      "orderId": 3176953,
      "serviceName": "TikTok Video Views FP 2 | R365 Days | Max 1M",
      "price": "Rp 2.740",
      "date": "23/1/2026, 04.33.04"
    }
  ],
  "8560716496": [
    {
      "orderId": 3236488,
      "serviceName": "Tiktok Video Views | Unlimited | Speed 5M/ Day | No Refill",
      "target": "https://vm.tiktok.com/ZS91QknmGkccv-YApap/",
      "quantity": 1500,
      "price": "Rp 861",
      "date": "31/1/2026, 16.26.36",
      "status": "success"
    },
    {
      "orderId": 3236477,
      "serviceName": "Tiktok Video Views | Unlimited | Speed 5M/ Day | No Refill",
      "target": "https://vm.tiktok.com/ZS91QkxPbqqjR-UwVMa/",
      "quantity": 2000,
      "price": "Rp 1.148",
      "date": "31/1/2026, 16.23.53",
      "status": "success"
    },
    {
      "orderId": 3236473,
      "serviceName": "Tiktok Video Views | Unlimited | Speed 5M/ Day | No Refill",
      "target": "https://vm.tiktok.com/ZS91QkukVMPK4-ZiPZV/",
      "quantity": 2000,
      "price": "Rp 1.148",
      "date": "31/1/2026, 16.22.45",
      "status": "success"
    },
    {
      "orderId": 3236308,
      "serviceName": "Tiktok Video Views | Unlimited | Speed 5M/ Day | No Refill",
      "target": "https://vm.tiktok.com/ZS91QYrKe4bH8-a2bof/",
      "quantity": 1000,
      "price": "Rp 574",
      "date": "31/1/2026, 15.51.36",
      "status": "success"
    },
    {
      "orderId": 3236296,
      "serviceName": "Tiktok Video Views | Unlimited | Speed 5M/ Day | No Refill",
      "target": "https://vm.tiktok.com/ZS91QYBGeh25p-0J0G2/",
      "quantity": 1000,
      "price": "Rp 574",
      "date": "31/1/2026, 15.50.29",
      "status": "success"
    },
    {
      "orderId": 3236279,
      "serviceName": "Tiktok Video Views | Unlimited | Speed 5M/ Day | No Refill",
      "target": "https://vm.tiktok.com/ZS91QYh1yDk3d-XXJHJ/",
      "quantity": 1000,
      "price": "Rp 574",
      "date": "31/1/2026, 15.48.08",
      "status": "success"
    },
    {
      "orderId": 3192062,
      "serviceName": "TikTok Video Views FP 5 [ Max 50M ] | Instant | Day 20M",
      "price": "Rp 1,95",
      "date": "25/1/2026, 07.10.28"
    },
    {
      "orderId": 3192056,
      "serviceName": "TikTok Video Views FP 5 [ Max 50M ] | Instant | Day 20M",
      "price": "Rp 1,95",
      "date": "25/1/2026, 07.09.48"
    },
    {
      "orderId": 3192044,
      "serviceName": "TikTok Video Views FP 5 [ Max 50M ] | Instant | Day 20M",
      "price": "Rp 39",
      "date": "25/1/2026, 07.08.52"
    },
    {
      "orderId": 3192040,
      "serviceName": "TikTok Video Views FP 5 [ Max 50M ] | Instant | Day 20M",
      "price": "Rp 39",
      "date": "25/1/2026, 07.08.16"
    },
    {
      "orderId": 3191942,
      "serviceName": "TikTok Video Views FP 5 [ Max 50M ] | Instant | Day 20M",
      "price": "Rp 9,75",
      "date": "25/1/2026, 06.56.20"
    },
    {
      "orderId": 3191938,
      "serviceName": "TikTok Video Views FP 5 [ Max 50M ] | Instant | Day 20M",
      "price": "Rp 7,8",
      "date": "25/1/2026, 06.55.27"
    },
    {
      "orderId": 3191919,
      "serviceName": "TikTok Video Views FP 5 [ Max 50M ] | Instant | Day 20M",
      "price": "Rp 1,95",
      "date": "25/1/2026, 06.53.48"
    },
    {
      "orderId": 3191903,
      "serviceName": "TikTok Followers FP 4 | Max 100K | 50k/days | Update Working | Refill 30 Days",
      "price": "Rp 421,24",
      "date": "25/1/2026, 06.51.52"
    },
    {
      "orderId": 3191865,
      "serviceName": "TikTok Video Views FP 5 [ Max 50M ] | Instant | Day 20M",
      "price": "Rp 390",
      "date": "25/1/2026, 06.47.18"
    },
    {
      "orderId": 3191854,
      "serviceName": "TikTok Video Views FP 5 [ Max 50M ] | Instant | Day 20M",
      "price": "Rp 390",
      "date": "25/1/2026, 06.45.27"
    },
    {
      "orderId": 3191817,
      "serviceName": "TikTok Video Views FP 5 [ Max 50M ] | Instant | Day 20M",
      "price": "Rp 195",
      "date": "25/1/2026, 06.40.30"
    },
    {
      "orderId": 3191618,
      "serviceName": "TikTok Video Views FP 5 [ Max 50M ] | Instant | Day 20M",
      "price": "Rp 195",
      "date": "25/1/2026, 06.11.31"
    },
    {
      "orderId": 3191115,
      "serviceName": "TikTok Video Views FP 2 | R365 Days | Max 1M",
      "price": "Rp 280",
      "date": "25/1/2026, 05.04.22"
    },
    {
      "orderId": 3191104,
      "serviceName": "TikTok Video Views FP 2 | R365 Days | Max 1M",
      "price": "Rp 280",
      "date": "25/1/2026, 05.03.46"
    },
    {
      "orderId": 3189136,
      "serviceName": "TikTok HQ Likes FP 13 [100% Real Users - Instant - 10K/D ] [Best For Ranking]",
      "price": "Rp 143,65",
      "date": "24/1/2026, 17.19.14"
    },
    {
      "orderId": 3189132,
      "serviceName": "TikTok HQ Likes FP 13 [100% Real Users - Instant - 10K/D ] [Best For Ranking]",
      "price": "Rp 86,19",
      "date": "24/1/2026, 17.18.25"
    },
    {
      "orderId": 3189128,
      "serviceName": "TikTok HQ Likes FP 13 [100% Real Users - Instant - 10K/D ] [Best For Ranking]",
      "price": "Rp 28,73",
      "date": "24/1/2026, 17.17.37"
    },
    {
      "orderId": 3189124,
      "serviceName": "TikTok HQ Likes FP 13 [100% Real Users - Instant - 10K/D ] [Best For Ranking]",
      "price": "Rp 28,73",
      "date": "24/1/2026, 17.16.49"
    },
    {
      "orderId": 3187858,
      "serviceName": "TikTok Video Views FP 2 | R365 Days | Max 1M",
      "price": "Rp 274",
      "date": "24/1/2026, 14.29.30"
    },
    {
      "orderId": 3187850,
      "serviceName": "TikTok Video Views FP 2 | R365 Days | Max 1M",
      "price": "Rp 274",
      "date": "24/1/2026, 14.28.49"
    },
    {
      "orderId": 3187845,
      "serviceName": "TikTok Video Views FP 2 | R365 Days | Max 1M",
      "price": "Rp 274",
      "date": "24/1/2026, 14.28.13"
    },
    {
      "orderId": 3187839,
      "serviceName": "TikTok Video Views FP 2 | R365 Days | Max 1M",
      "price": "Rp 274",
      "date": "24/1/2026, 14.27.27"
    },
    {
      "orderId": 3187834,
      "serviceName": "TikTok Video Views FP 2 | R365 Days | Max 1M",
      "price": "Rp 274",
      "date": "24/1/2026, 14.26.08"
    },
    {
      "orderId": 3187819,
      "serviceName": "TikTok Video Views FP 2 | R365 Days | Max 1M",
      "price": "Rp 274",
      "date": "24/1/2026, 14.24.14"
    },
    {
      "orderId": 3187818,
      "serviceName": "TikTok Video Views FP 2 | R365 Days | Max 1M",
      "price": "Rp 274",
      "date": "24/1/2026, 14.23.33"
    },
    {
      "orderId": 3187814,
      "serviceName": "TikTok Video Views FP 2 | R365 Days | Max 1M",
      "price": "Rp 274",
      "date": "24/1/2026, 14.22.55"
    },
    {
      "orderId": 3187734,
      "serviceName": "TikTok Video Views FP 2 | R365 Days | Max 1M",
      "price": "Rp 274",
      "date": "24/1/2026, 14.09.14"
    },
    {
      "orderId": 3187728,
      "serviceName": "TikTok Video Views FP 2 | R365 Days | Max 1M",
      "price": "Rp 274",
      "date": "24/1/2026, 14.08.31"
    },
    {
      "orderId": 3187400,
      "serviceName": "TikTok Video Views FP 2 | R365 Days | Max 1M",
      "price": "Rp 274",
      "date": "24/1/2026, 13.27.00"
    },
    {
      "orderId": 3187389,
      "serviceName": "TikTok Video Views FP 2 | R365 Days | Max 1M",
      "price": "Rp 274",
      "date": "24/1/2026, 13.26.10"
    },
    {
      "orderId": 3187379,
      "serviceName": "TikTok Video Views FP 2 | R365 Days | Max 1M",
      "price": "Rp 274",
      "date": "24/1/2026, 13.25.24"
    },
    {
      "orderId": 3187376,
      "serviceName": "TikTok Video Views FP 2 | R365 Days | Max 1M",
      "price": "Rp 274",
      "date": "24/1/2026, 13.24.38"
    },
    {
      "orderId": 3187370,
      "serviceName": "TikTok Video Views FP 2 | R365 Days | Max 1M",
      "price": "Rp 274",
      "date": "24/1/2026, 13.23.53"
    },
    {
      "orderId": 3187362,
      "serviceName": "TikTok Video Views FP 2 | R365 Days | Max 1M",
      "price": "Rp 274",
      "date": "24/1/2026, 13.22.53"
    },
    {
      "orderId": 3187353,
      "serviceName": "TikTok Video Views FP 2 | R365 Days | Max 1M",
      "price": "Rp 274",
      "date": "24/1/2026, 13.22.19"
    },
    {
      "orderId": 3187350,
      "serviceName": "TikTok Video Views FP 2 | R365 Days | Max 1M",
      "price": "Rp 274",
      "date": "24/1/2026, 13.21.41"
    },
    {
      "orderId": 3187340,
      "serviceName": "TikTok Video Views FP 2 | R365 Days | Max 1M",
      "price": "Rp 274",
      "date": "24/1/2026, 13.20.54"
    },
    {
      "orderId": 3187329,
      "serviceName": "TikTok Video Views FP 2 | R365 Days | Max 1M",
      "price": "Rp 274",
      "date": "24/1/2026, 13.20.06"
    },
    {
      "orderId": 3186642,
      "serviceName": "TikTok Video Views FP 2 | R365 Days | Max 1M",
      "price": "Rp 548",
      "date": "24/1/2026, 11.38.44"
    },
    {
      "orderId": 3186637,
      "serviceName": "TikTok Video Views FP 2 | R365 Days | Max 1M",
      "price": "Rp 548",
      "date": "24/1/2026, 11.37.50"
    },
    {
      "orderId": 3186635,
      "serviceName": "TikTok Video Views FP 2 | R365 Days | Max 1M",
      "price": "Rp 548",
      "date": "24/1/2026, 11.36.58"
    },
    {
      "orderId": 3186629,
      "serviceName": "TikTok Video Views FP 2 | R365 Days | Max 1M",
      "price": "Rp 548",
      "date": "24/1/2026, 11.35.58"
    },
    {
      "orderId": 3186620,
      "serviceName": "TikTok Video Views FP 2 | R365 Days | Max 1M",
      "price": "Rp 548",
      "date": "24/1/2026, 11.34.59"
    },
    {
      "orderId": 3186443,
      "serviceName": "TikTok Video Views FP 2 | R365 Days | Max 1M",
      "price": "Rp 274",
      "date": "24/1/2026, 10.59.43"
    },
    {
      "orderId": 3186440,
      "serviceName": "TikTok Video Views FP 2 | R365 Days | Max 1M",
      "price": "Rp 274",
      "date": "24/1/2026, 10.58.59"
    },
    {
      "orderId": 3186434,
      "serviceName": "TikTok Video Views FP 2 | R365 Days | Max 1M",
      "price": "Rp 274",
      "date": "24/1/2026, 10.58.13"
    },
    {
      "orderId": 3186423,
      "serviceName": "TikTok Video Views FP 2 | R365 Days | Max 1M",
      "price": "Rp 274",
      "date": "24/1/2026, 10.57.20"
    },
    {
      "orderId": 3186418,
      "serviceName": "TikTok Video Views FP 2 | R365 Days | Max 1M",
      "price": "Rp 274",
      "date": "24/1/2026, 10.56.22"
    },
    {
      "orderId": 3185630,
      "serviceName": "TikTok Video Views FP 2 | R365 Days | Max 1M",
      "price": "Rp 274",
      "date": "24/1/2026, 08.57.56"
    },
    {
      "orderId": 3185624,
      "serviceName": "TikTok Video Views FP 2 | R365 Days | Max 1M",
      "price": "Rp 274",
      "date": "24/1/2026, 08.56.48"
    },
    {
      "orderId": 3185617,
      "serviceName": "TikTok Video Views FP 2 | R365 Days | Max 1M",
      "price": "Rp 274",
      "date": "24/1/2026, 08.55.32"
    },
    {
      "orderId": 3185609,
      "serviceName": "TikTok Video Views FP 2 | R365 Days | Max 1M",
      "price": "Rp 274",
      "date": "24/1/2026, 08.54.20"
    },
    {
      "orderId": 3185595,
      "serviceName": "TikTok Video Views FP 2 | R365 Days | Max 1M",
      "price": "Rp 274",
      "date": "24/1/2026, 08.52.39"
    }
  ],
  "8313693794": [
    {
      "orderId": 3187904,
      "serviceName": "Instagram Likes FP 25 [ Max 5M ] 100K/Days | No Refill",
      "price": "Rp 2.512",
      "date": "24/1/2026, 14.35.14"
    },
    {
      "orderId": 3187860,
      "serviceName": "Instagram Video Views FP 5  [ Max Unlimited ] | All Link | Fast ",
      "price": "Rp 440,92",
      "date": "24/1/2026, 14.29.40"
    },
    {
      "orderId": 3187844,
      "serviceName": "Instagram Likes FP 4 (10k/Day) [Real & Mixed] {Indian Majority}",
      "price": "Rp 3.290",
      "date": "24/1/2026, 14.28.12"
    },
    {
      "orderId": 3187293,
      "serviceName": "Instagram Likes FP 4 (10k/Day) [Real & Mixed] {Indian Majority}",
      "price": "Rp 3.290",
      "date": "24/1/2026, 13.16.00"
    }
  ],
  "6942490969": [
    {
      "orderId": 3244351,
      "serviceName": "TikTok Likes FP 63 | Max: 500K | SuperInstant | Speed: 10K/Day",
      "target": "https://vt.tiktok.com/ZSaq6mjPy/",
      "quantity": 5500,
      "price": "Rp 6.358",
      "date": "1/2/2026, 14.57.38",
      "status": "success"
    },
    {
      "orderId": 3242087,
      "serviceName": "TikTok Likes FP 105 [ Max 1M ] HQ Account | Speed 50K/ Day | No Refill",
      "target": "https://vt.tiktok.com/ZSaq6mjPy/",
      "quantity": 2156,
      "price": "Rp 2.173,25",
      "date": "1/2/2026, 10.51.55",
      "status": "success"
    },
    {
      "orderId": 3241997,
      "serviceName": "TikTok Save FP 5 [ Max Unlimited ] 500K/ Day | Ultra Fast",
      "target": "https://vt.tiktok.com/ZSaq6mjPy/",
      "quantity": 3648,
      "price": "Rp 671,23",
      "date": "1/2/2026, 10.42.29",
      "status": "success"
    },
    {
      "orderId": 3241972,
      "serviceName": "TikTok Video Views FP 5 [ Max 50M ] | Instant | Day 20M",
      "target": "https://vt.tiktok.com/ZSaq6mjPy/",
      "quantity": 8000,
      "price": "Rp 1.560",
      "date": "1/2/2026, 10.39.59",
      "status": "success"
    },
    {
      "orderId": 3241943,
      "serviceName": "TikTok Likes FP 105 [ Max 1M ] HQ Account | Speed 50K/ Day | No Refill",
      "target": "https://vt.tiktok.com/ZSaq6mjPy/",
      "quantity": 546,
      "price": "Rp 550,37",
      "date": "1/2/2026, 10.35.56",
      "status": "success"
    },
    {
      "orderId": 3240554,
      "serviceName": "TikTok Likes FP 108 | Max 5M | Bot Profile | Low Quality | No Refill",
      "target": "8539",
      "quantity": 8598,
      "price": "Rp 1.676,61",
      "date": "1/2/2026, 07.50.56",
      "status": "success"
    },
    {
      "orderId": 3240529,
      "serviceName": "TikTok Video Views FP 4 | Max: 100M | Day 10M",
      "target": "https://vt.tiktok.com/ZSaq6mjPy/",
      "quantity": 9579,
      "price": "Rp 1.839,17",
      "date": "1/2/2026, 07.47.56",
      "status": "success"
    },
    {
      "orderId": 3203858,
      "serviceName": "TikTok Likes FP 19 [ Max 100K ] | HQ Real Profiles | Start : 0-5 Minutes | Ultra Super Fast  | Hours 10K",
      "price": "Rp 1.492",
      "date": "26/1/2026, 16.35.21"
    },
    {
      "orderId": 3203837,
      "serviceName": "TikTok Likes FP 24 [ Max 10K ] | HQ Profiles | Non Drop | Lifetime ♻️ | Instant Start ⚡",
      "price": "Rp 8.324",
      "date": "26/1/2026, 16.32.04"
    }
  ],
  "7638257487": [
    {
      "orderId": 3215878,
      "serviceName": "TikTok Save FP 7 [ Max Unlimited ] Speed 100K/ Day | No Refill",
      "target": "https://vt.tiktok.com/ZSaHNN3Y8/",
      "quantity": 1000,
      "price": "Rp 96",
      "date": "28/1/2026, 14.57.34",
      "status": "success"
    },
    {
      "orderId": 3215852,
      "serviceName": "TikTok Save FP 6 [ Max Unlimited ] Speed 30K/ Day | No Refill | Cheapest",
      "target": "https://vt.tiktok.com/ZSaHNN3Y8/",
      "quantity": 1000,
      "price": "Rp 76",
      "date": "28/1/2026, 14.53.34",
      "status": "success"
    },
    {
      "orderId": 3215499,
      "serviceName": "Tiktok View FP 1 [ MURAH ]",
      "target": "https://vt.tiktok.com/ZSaHNN3Y8/",
      "quantity": 100,
      "price": "Rp 0",
      "date": "28/1/2026, 14.07.03",
      "status": "PROCESSING",
      "saldoSebelum": 19100,
      "saldoSesudah": 19100
    },
    {
      "orderId": 3215358,
      "serviceName": "TikTok Video Views FP 2 | R365 Days | Max 1M",
      "target": "https://vt.tiktok.com/ZSaHNN3Y8/",
      "quantity": 1000,
      "price": "Rp 0",
      "date": "28/1/2026, 13.49.23",
      "status": "PROCESSING"
    },
    {
      "orderId": 3215228,
      "serviceName": "TikTok Video Views FP 3 | Max: 100M | Day 10M",
      "target": "https://vt.tiktok.com/ZSaHNN3Y8/",
      "quantity": 1000,
      "price": "Rp 0",
      "date": "28/1/2026, 13.31.07"
    }
  ],
  "8510997647": [
    {
      "orderId": 3216578,
      "serviceName": "Twitter Tweet Views FP 4 | Max 50M | 0-15 Min",
      "target": "https://www.instagram.com/rfnmhmd2012?igsh=MWR5enBtNHF2MDdkeA==",
      "quantity": 1000,
      "price": "Rp 148",
      "date": "28/1/2026, 16.44.10",
      "status": "success"
    },
    {
      "orderId": 3216562,
      "serviceName": "Twitter Tweet Views FP 4 | Max 50M | 0-15 Min",
      "target": "https://www.instagram.com/rfnmhmd2012",
      "quantity": 100,
      "price": "Rp 14,8",
      "date": "28/1/2026, 16.41.38",
      "status": "success"
    }
  ]
}