{
  "isPanelOpen": true,
  "scripts": [
    {
      "nama": "SC AUTO ORDER NOKOS ONLY",
      "harga": 50000,
      "deskripsi": "khusus untuk auto order Nokos pokonya cocok buat jualan nokos full tutor di dalam sc nya, free update juga yak kalo udh beli langsung pv tele owner, riview bot @RumahOtpKu",
      "file_id": "BQACAgUAAxkBAAIO2mmAs2dx0aFszipA0U58JPvbKmVVAAIBGwACnDOAVndbkXscfigPOAQ",
      "fileName": "SCRIPT-BUYNOKOS-V3.zip"
    },
    {
      "nama": "SC AUTO ORDER OTOMATIS",
      "harga": 20000,
      "deskripsi": "buy vps otomatis \nbuy panel otomatis \nbuy script otomatis \nbuy admin otomatis dll",
      "file_id": "BQACAgUAAxkBAAIO5WmAtLrwViay865At9UiLtcCjQfGAAJxGgACo-_YVuobOuypl28pOAQ",
      "fileName": "neww-bot-autoorder-x-userbot.zip"
    },
    {
      "nama": "SC AUTO ORDER YG SEKARANG GW PAKE",
      "harga": 30000,
      "deskripsi": "POKOKNYA BAGUS LAH BUAT JUALAN KEBUTUHAN HOSTING MAH",
      "file_id": "BQACAgUAAxkBAAIYSWmKosopEkiLeUhGb06H-e_AyilAAAJFHAACCRRYVFjKG8rqPHaGOgQ",
      "fileName": "sc_auto_order_amane.zip"
    },
    {
      "nama": "SC SELFBOT MD VIA WA",
      "harga": 15000,
      "deskripsi": "cocok buat pushkontak dan jpm",
      "file_id": "BQACAgUAAxkBAAIZmGmML1gCCUKergVUHn1MB8HT_VNfAAKkGgACrTXwV9-va936T7sJOgQ",
      "fileName": "Script-Selfbot-Multidevice-V4.zip"
    },
    {
      "nama": "SC USERBOT BUTTON INSTALL NODE AND WINGS AUTO IJO",
      "harga": 15000,
      "deskripsi": "COCOK BUAT INSTALL PANEL NODE AUTO IJO",
      "file_id": "BQACAgUAAxkBAAIh0GmRdmyHZedLIxBQVrVsEEdb5YdUAAJQHAACVbx4VFdxaGN092nGOgQ",
      "fileName": "Userbot_New_Update.zip"
    }
  ],
  "apps": [],
  "paymentMethod": "pakasir"
}